{"cameraMode":{"drawMode":0,"name":"Shaded","section":"Shading Mode"},"sceneLighting":true,"audioPlay":false,"sceneViewState":{"m_AlwaysRefresh":false,"showFog":true,"showSkybox":true,"showFlares":true,"showImageEffects":true,"showParticleSystems":true,"showVisualEffectGraphs":true,"m_FxEnabled":true},"in2DMode":false,"pivot":{"x":-4.426390171051025,"y":1.5550413131713868,"z":1.1977049112319947},"rotation":{"x":-0.09159187227487564,"y":0.6980522274971008,"z":-0.09076859056949616,"w":-0.7043437361717224},"size":25.257089614868165,"orthographic":false}